Name,Large AOE Ult,Defy Death,Poke,Displacements,2 or more CC,Global,Traps,Heals/Shields,Stealth,Summon,Terrain,Assassin,Fighter,Mage,Marksman,Support,Tank,Top,Jungle,Mid,Adc,Support,Bandle City,Bilgewater,Demacia,Freljord,Ionia,Ixtal,Noxus,Piltover,Shadow Isles,Shurima,Targon,Void,Zaun
Aatrox,No,No,No,No,Yes,No,No,No,No,No,No,No,Yes,No,No,No,No,Yes,No,No,No,No,No,No,No,No,No,No,No,No,No,No,No,No,No
Ahri,No,No,No,No,No,No,No,No,No,No,No,Yes,No,Yes,No,No,No,No,No,Yes,No,No,No,No,No,No,Yes,No,No,No,No,No,No,No,No
Akali,No,No,No,No,No,No,No,No,Yes,No,No,Yes,No,No,No,No,No,Yes,No,Yes,No,No,No,No,No,No,Yes,No,No,No,No,No,No,No,No
Akshan,No,Yes,Yes,No,No,Yes,No,No,Yes,No,No,Yes,No,No,Yes,No,No,No,No,Yes,No,No,No,No,No,No,No,No,No,No,No,Yes,No,No,No
Alistar,No,Yes,No,Yes,Yes,No,No,Yes,No,No,No,No,No,No,No,Yes,Yes,No,No,No,No,Yes,No,No,No,No,No,No,No,No,No,No,No,No,No
Ambessa,No,No,No,No,No,No,No,No,No,No,No,Yes,Yes,No,No,No,No,Yes,Yes,No,No,No,No,No,No,No,No,No,Yes,No,No,No,No,No,No
Amumu,Yes,No,No,No,Yes,No,No,No,No,No,No,No,No,No,No,Yes,Yes,No,Yes,No,No,No,No,No,No,No,No,No,No,No,No,Yes,No,No,No
Anivia,Yes,Yes,No,No,Yes,No,No,No,No,No,Yes,No,No,Yes,No,No,No,No,No,Yes,No,No,No,No,No,Yes,No,No,No,No,No,No,No,No,No
Annie,Yes,No,No,No,No,No,No,Yes,No,Yes,No,No,No,Yes,No,Yes,No,No,No,Yes,No,No,No,No,No,No,No,No,No,No,No,No,No,No,No
Aphelios,No,No,No,No,No,No,No,No,No,No,No,No,No,No,Yes,No,No,No,No,No,Yes,No,No,No,No,No,No,No,No,No,No,No,Yes,No,No
Ashe,No,No,Yes,No,No,Yes,No,No,No,No,No,No,No,No,Yes,Yes,No,No,No,No,Yes,Yes,No,No,No,Yes,No,No,No,No,No,No,No,No,No
Aurelion Sol,Yes,No,No,No,No,Yes,No,No,No,No,No,No,No,Yes,No,No,No,No,No,Yes,No,No,No,No,No,No,No,No,No,No,No,No,Yes,No,No
Aurora,Yes,No,Yes,No,No,No,No,No,No,No,Yes,Yes,No,Yes,No,No,No,Yes,No,Yes,No,No,No,No,No,Yes,No,No,No,No,No,No,No,No,No
Azir,Yes,No,Yes,Yes,No,No,No,No,No,Yes,Yes,No,No,Yes,Yes,No,No,No,No,Yes,No,No,No,No,No,No,No,No,No,No,No,Yes,No,No,No
Bard,Yes,Yes,No,No,Yes,Yes,No,Yes,No,No,No,No,No,Yes,No,Yes,No,No,No,No,No,Yes,No,No,No,No,No,No,No,No,No,No,No,No,No
Bel'Veth,Yes,Yes,No,No,No,No,No,No,No,Yes,No,No,Yes,No,No,No,No,No,Yes,No,No,No,No,No,No,No,No,No,No,No,No,No,No,Yes,No
Blitzcrank,Yes,No,No,Yes,Yes,No,No,No,No,No,No,No,No,No,No,Yes,Yes,No,No,No,No,Yes,No,No,No,No,No,No,No,No,No,No,No,No,Yes
Brand,No,No,No,No,No,No,No,No,No,No,No,No,No,Yes,No,Yes,No,No,Yes,Yes,Yes,Yes,No,No,No,No,No,No,No,No,No,No,No,No,No
Braum,Yes,Yes,No,No,Yes,No,No,No,No,No,No,No,No,No,No,Yes,Yes,No,No,No,No,Yes,No,No,No,Yes,No,No,No,No,No,No,No,No,No
Briar,Yes,No,No,No,Yes,Yes,No,Yes,No,No,No,Yes,Yes,No,No,No,No,No,Yes,No,No,No,No,No,No,No,No,No,Yes,No,No,No,No,No,No
Caitlyn,No,No,Yes,No,No,Yes,Yes,No,No,No,No,No,No,No,Yes,No,No,No,No,No,Yes,No,No,No,No,No,No,No,No,Yes,No,No,No,No,No
Camille,No,No,No,No,Yes,No,No,No,No,No,No,Yes,Yes,No,No,No,No,Yes,No,No,No,No,No,No,No,No,No,No,No,Yes,No,No,No,No,No
Cassiopeia,Yes,No,No,No,No,No,No,No,No,No,No,No,No,Yes,No,No,No,No,No,Yes,No,No,No,No,No,No,No,No,Yes,No,No,No,No,No,No
Cho'Gath,No,No,Yes,No,No,No,No,No,No,No,No,No,No,Yes,No,No,Yes,Yes,Yes,No,No,No,No,No,No,No,No,No,No,No,No,No,No,Yes,No
Corki,Yes,No,Yes,No,No,No,No,No,No,No,No,No,No,Yes,Yes,No,No,No,No,No,Yes,No,Yes,No,No,No,No,No,No,Yes,No,No,No,No,No
Darius,No,No,No,Yes,No,No,No,No,No,No,No,No,Yes,No,No,No,Yes,Yes,Yes,No,No,No,No,No,No,No,No,No,Yes,No,No,No,No,No,No
Diana,Yes,No,No,No,No,No,No,No,No,No,No,Yes,Yes,No,No,No,No,No,Yes,Yes,No,No,No,No,No,No,No,No,No,No,No,No,Yes,No,No
Draven,Yes,No,No,No,No,Yes,No,No,No,No,No,No,No,No,Yes,No,No,No,No,No,Yes,No,No,No,No,No,No,No,Yes,No,No,No,No,No,No
Dr. Mundo,No,No,Yes,No,No,No,No,No,No,No,No,No,Yes,No,No,No,Yes,Yes,Yes,No,No,No,No,No,No,No,No,No,No,No,No,No,No,No,Yes
Ekko,Yes,Yes,No,No,No,No,No,No,No,No,No,Yes,No,Yes,No,No,No,No,Yes,Yes,No,No,No,No,No,No,No,No,No,No,No,No,No,No,Yes
Elise,No,Yes,No,No,No,No,No,No,No,Yes,No,Yes,No,Yes,No,No,No,No,Yes,No,No,No,No,No,No,No,No,No,No,No,Yes,No,No,No,No
Evelynn,Yes,Yes,No,No,No,No,No,No,Yes,No,No,Yes,No,Yes,No,No,No,No,Yes,No,No,No,No,No,No,No,No,No,No,No,No,No,No,No,No
Ezreal,Yes,No,Yes,No,No,Yes,No,No,No,No,No,No,No,Yes,Yes,No,No,No,No,No,Yes,No,No,No,No,No,No,No,No,Yes,No,No,No,No,No
Fiddlesticks,Yes,No,No,No,No,No,No,No,No,Yes,No,No,No,Yes,No,Yes,No,No,Yes,No,No,No,No,No,No,No,No,No,No,No,Yes,No,No,No,No
Fiora,No,Yes,No,No,No,No,No,Yes,No,No,No,Yes,Yes,No,No,No,No,Yes,No,No,No,No,No,No,Yes,No,No,No,No,No,No,No,No,No,No
Fizz,Yes,Yes,No,No,No,No,No,No,No,No,No,Yes,Yes,No,No,No,No,No,Yes,Yes,No,No,Yes,Yes,No,No,No,No,No,No,No,No,No,No,No
Galio,Yes,No,No,No,Yes,Yes,No,Yes,No,No,No,No,No,Yes,No,No,Yes,No,No,Yes,No,No,No,No,Yes,No,No,No,No,No,No,No,No,No,No
Gangplank,Yes,No,Yes,No,No,Yes,Yes,No,No,No,No,No,Yes,No,No,No,No,Yes,No,No,No,No,No,Yes,No,No,No,No,No,No,No,No,No,No,No
Garen,No,No,No,No,No,No,No,No,No,No,No,No,Yes,No,No,No,Yes,Yes,No,No,No,No,No,No,Yes,No,No,No,No,No,No,No,No,No,No
Gnar,Yes,No,No,Yes,Yes,No,No,No,No,No,No,No,Yes,No,No,No,Yes,Yes,No,No,No,No,Yes,No,No,Yes,No,No,No,No,No,No,No,No,No
Gragas,Yes,No,No,Yes,Yes,No,No,No,No,No,No,No,Yes,Yes,No,No,No,Yes,No,No,No,No,No,No,No,Yes,No,No,No,No,No,No,No,No,No
Graves,Yes,No,No,No,No,No,No,No,No,No,No,No,No,No,Yes,No,No,No,Yes,No,No,No,No,Yes,No,No,No,No,No,No,No,No,No,No,No
Gwen,No,Yes,No,No,No,No,No,No,No,No,No,No,Yes,No,No,No,No,Yes,Yes,No,No,No,No,No,No,No,No,No,No,No,Yes,No,No,No,No
Hecarim,Yes,No,No,Yes,Yes,No,No,No,No,No,No,No,Yes,No,No,No,Yes,No,Yes,No,No,No,No,No,No,No,No,No,No,No,Yes,No,No,No,No
Heimerdinger,Yes,No,No,No,No,No,No,No,No,Yes,No,No,No,Yes,No,Yes,No,Yes,No,Yes,No,No,Yes,No,No,No,No,No,No,Yes,No,No,No,No,No
Hwei,Yes,No,Yes,No,No,No,No,Yes,No,No,No,No,No,Yes,No,Yes,No,No,No,Yes,No,No,No,No,No,No,Yes,No,No,No,No,No,No,No,No
Illaoi,Yes,No,No,No,No,No,No,No,No,Yes,No,No,Yes,No,No,No,Yes,Yes,No,No,No,No,No,Yes,No,No,No,No,No,No,No,No,No,No,No
Irelia,No,No,No,No,No,No,No,No,No,No,Yes,Yes,Yes,No,No,No,No,Yes,No,Yes,No,No,No,No,No,No,Yes,No,No,No,No,No,No,No,No
Ivern,No,No,No,No,Yes,No,No,Yes,No,Yes,Yes,No,No,Yes,No,Yes,No,No,Yes,No,No,No,No,No,No,No,Yes,No,No,No,No,No,No,No,No
Janna,Yes,No,No,Yes,Yes,No,No,Yes,No,No,No,No,No,Yes,No,Yes,No,No,No,No,No,Yes,No,No,No,No,No,No,No,No,No,No,No,No,Yes
Jarvan IV,Yes,No,No,No,Yes,No,No,No,No,No,Yes,No,Yes,No,No,No,Yes,No,Yes,No,No,No,No,No,Yes,No,No,No,No,No,No,No,No,No,No
Jax,No,Yes,No,No,No,No,No,No,No,No,No,No,Yes,No,No,No,No,Yes,Yes,No,No,No,No,No,No,No,No,No,No,No,No,No,No,No,No
Jayce,No,No,Yes,Yes,No,No,No,No,No,No,No,No,Yes,No,Yes,No,No,Yes,Yes,No,No,No,No,No,No,No,No,No,No,Yes,No,No,No,No,No
Jhin,No,No,Yes,No,No,Yes,Yes,No,No,No,No,No,No,Yes,Yes,No,No,No,No,No,Yes,No,No,No,No,No,Yes,No,No,No,No,No,No,No,No
Jinx,Yes,No,Yes,No,No,Yes,Yes,No,No,No,No,No,No,No,Yes,No,No,No,No,No,Yes,No,No,No,No,No,No,No,No,No,No,No,No,No,Yes
Kai'sa,No,No,Yes,No,No,Yes,No,No,Yes,No,No,No,No,Yes,Yes,No,No,No,No,No,Yes,No,No,No,No,No,No,No,No,No,No,No,No,Yes,No
Kalista,No,Yes,No,No,No,No,No,No,No,Yes,No,No,No,No,Yes,No,No,No,No,No,Yes,No,No,No,No,No,No,No,No,No,Yes,No,No,No,No
Karma,No,No,Yes,No,No,No,No,Yes,No,No,No,No,No,Yes,No,Yes,No,No,No,No,No,Yes,No,No,No,No,Yes,No,No,No,No,No,No,No,No
Karthus,Yes,Yes,No,No,No,Yes,No,No,No,No,No,No,No,Yes,No,No,No,No,Yes,Yes,Yes,No,No,No,No,No,No,No,No,No,Yes,No,No,No,No
Kassadin,No,No,No,No,No,No,No,No,No,No,No,Yes,No,Yes,No,No,No,No,No,Yes,No,No,No,No,No,No,No,No,No,No,No,No,No,Yes,No
Katarina,Yes,No,No,No,No,No,No,No,No,No,No,Yes,No,Yes,No,No,No,No,No,Yes,No,No,No,No,No,No,No,No,Yes,No,No,No,No,No,No
Kayle,Yes,No,No,No,No,No,No,Yes,No,No,No,No,No,Yes,Yes,No,No,Yes,No,No,No,No,No,No,Yes,No,No,No,No,No,No,No,No,No,No
Kayn,No,No,No,No,No,No,No,No,No,No,No,Yes,Yes,No,No,No,No,No,Yes,No,No,No,No,No,No,No,Yes,No,No,No,No,No,No,No,No
Kennen,Yes,No,No,No,No,No,No,No,No,No,No,No,No,Yes,No,No,No,Yes,No,No,No,No,Yes,No,No,No,Yes,No,No,No,No,No,No,No,No
Kha'zix,No,No,No,No,No,No,No,No,Yes,No,No,Yes,No,No,No,No,No,No,Yes,No,No,No,No,No,No,No,No,No,No,No,No,No,No,Yes,No
Kindred,No,Yes,No,No,No,No,No,Yes,No,Yes,No,No,No,No,Yes,No,No,No,Yes,No,No,No,No,No,No,No,No,No,No,No,No,No,No,No,No
Kled,No,Yes,Yes,Yes,Yes,Yes,No,No,No,No,No,No,Yes,No,No,No,No,Yes,No,No,No,No,Yes,No,No,No,No,No,Yes,No,No,No,No,No,No
Kog'Maw,No,Yes,Yes,No,No,No,No,No,No,No,No,No,No,Yes,Yes,No,No,No,No,No,Yes,No,No,No,No,No,No,No,No,No,No,No,No,Yes,No
K'Sante,No,Yes,No,Yes,Yes,No,No,Yes,No,No,No,No,Yes,No,No,No,Yes,Yes,No,No,No,No,No,No,No,No,No,No,No,No,No,Yes,No,No,No
LeBlanc,No,No,No,No,Yes,No,No,No,Yes,No,No,Yes,No,Yes,No,No,No,No,No,Yes,No,No,No,No,No,No,No,No,Yes,No,No,No,No,No,No
Lee Sin,No,No,No,Yes,No,No,No,Yes,No,No,No,Yes,Yes,No,No,No,No,No,Yes,No,No,No,No,No,No,No,Yes,No,No,No,No,No,No,No,No
Leona,Yes,No,No,No,Yes,No,No,No,No,No,No,No,No,No,No,Yes,Yes,No,No,No,No,Yes,No,No,No,No,No,No,No,No,No,No,Yes,No,No
Lillia,No,No,No,No,No,Yes,No,No,No,No,No,No,Yes,Yes,No,No,No,No,Yes,No,No,No,No,No,No,No,Yes,No,No,No,No,No,No,No,No
Lissandra,Yes,Yes,No,No,Yes,No,No,No,No,Yes,No,No,No,Yes,No,No,No,No,No,Yes,No,No,No,No,No,Yes,No,No,No,No,No,No,No,No,No
Lucian,No,No,No,No,No,No,No,No,No,No,No,Yes,No,No,Yes,No,No,No,No,No,Yes,No,No,No,Yes,No,No,No,No,No,No,No,No,No,No
Lulu,No,No,No,No,Yes,No,No,Yes,No,No,No,No,No,Yes,No,Yes,No,No,No,No,No,Yes,Yes,No,No,No,No,No,No,No,No,No,No,No,No
Lux,Yes,No,Yes,No,No,Yes,No,Yes,No,No,No,No,No,Yes,No,Yes,No,No,No,Yes,No,Yes,No,No,Yes,No,No,No,No,No,No,No,No,No,No
Malphite,Yes,No,No,No,No,No,No,No,No,No,No,No,No,Yes,No,No,Yes,Yes,Yes,Yes,No,Yes,No,No,No,No,No,Yes,No,No,No,No,No,No,No
Malzahar,No,Yes,No,No,No,No,No,No,No,Yes,No,No,No,Yes,No,No,No,No,No,Yes,No,No,No,No,No,No,No,No,No,No,No,No,No,Yes,No
Maokai,Yes,Yes,Yes,Yes,Yes,Yes,Yes,No,No,Yes,No,No,No,No,No,Yes,Yes,Yes,No,No,No,Yes,No,No,No,No,No,No,No,No,Yes,No,No,No,No
Master Yi,No,Yes,No,No,No,No,No,No,No,No,No,Yes,Yes,No,No,No,No,No,Yes,No,No,No,No,No,No,No,Yes,No,No,No,No,No,No,No,No
Mel,Yes,Yes,Yes,No,No,Yes,No,No,No,No,No,No,No,Yes,No,Yes,No,No,No,Yes,No,Yes,No,No,No,No,No,No,Yes,No,No,No,No,No,No
Milio ,Yes,No,Yes,No,No,No,No,Yes,No,No,No,No,No,Yes,No,Yes,No,No,No,No,No,Yes,No,No,No,No,No,Yes,No,No,No,No,No,No,No
Miss Fortune,Yes,No,No,No,No,No,No,No,No,No,No,No,No,Yes,Yes,No,No,No,No,No,Yes,Yes,No,Yes,No,No,No,No,No,No,No,No,No,No,No
Mordekaiser,No,No,No,Yes,No,No,No,No,No,No,No,No,Yes,Yes,No,No,No,Yes,Yes,No,No,No,No,No,No,No,No,No,Yes,No,No,No,No,No,No
Morgana,Yes,No,No,No,Yes,No,No,Yes,No,No,No,No,No,Yes,No,Yes,No,No,Yes,Yes,No,Yes,No,No,Yes,No,No,No,No,No,No,No,No,No,No
Naafiri,No,No,No,No,No,No,No,Yes,No,Yes,No,Yes,Yes,No,No,No,No,No,Yes,Yes,No,No,No,No,No,No,No,No,No,No,No,Yes,No,No,No
Nami,Yes,No,No,No,Yes,No,No,Yes,No,No,No,No,No,Yes,No,Yes,No,No,No,No,No,Yes,No,No,No,No,No,No,No,No,No,No,No,No,No
Nasus,No,No,No,No,No,No,No,No,No,No,No,No,Yes,No,No,No,Yes,Yes,Yes,No,No,No,No,No,No,No,No,No,No,No,No,Yes,No,No,No
Nautilus,No,No,No,Yes,Yes,No,No,No,No,No,No,No,No,No,No,Yes,Yes,No,No,No,No,Yes,No,Yes,No,No,No,No,No,No,No,No,No,No,No
Neeko,Yes,No,No,No,Yes,No,No,No,Yes,Yes,No,No,No,Yes,No,Yes,No,No,No,Yes,No,Yes,No,No,No,No,No,Yes,No,No,No,No,No,No,No
Nidalee,No,No,Yes,No,No,No,Yes,Yes,No,No,No,Yes,No,Yes,No,No,No,No,Yes,No,No,No,No,No,No,No,No,Yes,No,No,No,No,No,No,No
Nilah,Yes,No,No,Yes,No,No,No,Yes,No,No,No,Yes,Yes,No,No,No,No,No,No,No,Yes,No,No,Yes,No,No,No,No,No,No,No,No,No,No,No
Nocturne,No,No,No,No,No,Yes,No,No,Yes,No,No,Yes,Yes,No,No,No,No,No,Yes,No,No,No,No,No,No,No,No,No,No,No,No,No,No,No,No
Nunu & Willump,Yes,No,No,No,Yes,No,No,No,No,No,No,No,No,Yes,No,No,Yes,No,Yes,No,No,No,No,No,No,Yes,No,No,No,No,No,No,No,No,No
Olaf,No,Yes,No,No,No,No,No,No,No,No,No,No,Yes,No,No,No,Yes,Yes,Yes,No,No,No,No,No,No,Yes,No,No,No,No,No,No,No,No,No
Orianna,Yes,No,No,Yes,No,No,No,Yes,No,Yes,No,No,No,Yes,No,Yes,No,No,No,Yes,No,No,No,No,No,No,No,No,No,Yes,No,No,No,No,No
Ornn,Yes,No,No,No,Yes,No,No,No,No,No,Yes,No,No,No,No,No,Yes,Yes,No,No,No,No,No,No,No,Yes,No,No,No,No,No,No,No,No,No
Pantheon,Yes,Yes,Yes,No,No,Yes,No,No,No,No,No,Yes,Yes,No,No,No,No,Yes,Yes,Yes,No,Yes,No,No,No,No,No,No,No,No,No,No,Yes,No,No
Poppy,No,No,No,Yes,Yes,No,No,No,No,No,No,No,Yes,No,No,No,Yes,Yes,Yes,No,No,Yes,Yes,No,Yes,No,No,No,No,No,No,No,No,No,No
Pyke,No,No,No,Yes,Yes,No,No,No,Yes,No,No,Yes,No,No,No,Yes,No,No,No,No,No,Yes,No,Yes,No,No,No,No,No,No,No,No,No,No,No
Qiyana,Yes,No,No,No,Yes,No,No,No,Yes,No,No,Yes,No,No,No,No,No,No,Yes,Yes,No,No,No,No,No,No,No,Yes,No,No,No,No,No,No,No
Quinn,No,No,No,No,No,No,No,No,No,No,No,Yes,No,No,Yes,No,No,Yes,No,No,No,No,No,No,Yes,No,No,No,No,No,No,No,No,No,No
Rakan,Yes,No,No,No,Yes,No,No,Yes,No,No,No,No,No,No,No,Yes,No,No,No,No,No,Yes,No,No,No,No,Yes,No,No,No,No,No,No,No,No
Rammus,Yes,No,No,No,Yes,No,No,No,No,No,No,No,No,No,No,No,Yes,No,Yes,No,No,No,No,No,No,No,No,No,No,No,No,Yes,No,No,No
Rek'Sai,No,No,No,No,No,No,No,No,No,No,No,No,Yes,No,No,No,Yes,No,Yes,No,No,No,No,No,No,No,No,No,No,No,No,No,No,Yes,No
Rell,Yes,No,No,Yes,Yes,No,No,No,No,No,No,No,No,No,No,Yes,Yes,No,No,No,No,Yes,No,No,No,No,No,No,Yes,No,No,No,No,No,No
Renata Glasc,Yes,Yes,No,No,Yes,No,No,Yes,No,No,No,No,No,Yes,No,Yes,No,No,No,No,No,Yes,No,No,No,No,No,No,No,No,No,No,No,No,Yes
Renekton,No,No,No,No,No,No,No,No,No,No,No,No,Yes,No,No,No,Yes,Yes,No,No,No,No,No,No,No,No,No,No,No,No,No,Yes,No,No,No
Rengar,No,No,No,No,No,No,No,No,Yes,No,No,Yes,Yes,No,No,No,No,No,Yes,No,No,No,No,No,No,No,No,Yes,No,No,No,No,No,No,No
Riven,Yes,No,No,No,Yes,No,No,No,No,No,No,Yes,Yes,No,No,No,No,Yes,No,No,No,No,No,No,No,No,No,No,Yes,No,No,No,No,No,No
Rumble,Yes,No,No,No,No,No,No,No,No,No,No,No,Yes,Yes,No,No,No,Yes,No,No,No,No,Yes,No,No,No,No,No,No,No,No,No,No,No,No
Ryze,No,No,No,No,No,Yes,No,No,No,No,No,No,No,Yes,No,No,No,Yes,No,Yes,No,No,No,No,No,No,No,No,No,No,No,No,No,No,No
Samira,Yes,No,No,No,No,No,No,No,No,No,No,Yes,No,No,Yes,No,No,No,No,No,Yes,No,No,No,No,No,No,No,Yes,No,No,No,No,No,No
Sejuani,Yes,No,No,No,Yes,No,No,No,No,No,No,No,No,No,No,No,Yes,No,Yes,No,No,No,No,No,No,Yes,No,No,No,No,No,No,No,No,No
Senna,Yes,No,Yes,No,No,Yes,No,Yes,Yes,No,No,No,No,No,Yes,Yes,No,No,No,No,Yes,Yes,No,No,No,No,No,No,No,No,Yes,No,No,No,No
Seraphine,Yes,No,Yes,No,Yes,No,No,Yes,No,No,No,No,No,Yes,No,Yes,No,No,No,Yes,Yes,Yes,No,No,No,No,No,No,No,Yes,No,No,No,No,No
Sett,Yes,No,No,Yes,Yes,No,No,No,No,No,No,No,Yes,No,No,No,Yes,Yes,No,No,No,No,No,No,No,No,Yes,No,No,No,No,No,No,No,No
Shaco,No,No,No,No,Yes,No,Yes,No,Yes,Yes,No,Yes,No,No,No,No,No,No,Yes,No,No,Yes,No,No,No,No,No,No,No,No,No,No,No,No,No
Shen,No,No,No,No,No,Yes,No,Yes,No,No,No,No,No,No,No,No,Yes,Yes,Yes,No,No,Yes,No,No,No,No,Yes,No,No,No,No,No,No,No,No
Shyvana,No,No,Yes,No,No,No,No,No,No,No,No,No,Yes,Yes,No,No,No,No,Yes,No,No,No,No,No,Yes,No,No,No,No,No,No,No,No,No,No
Singed,No,No,No,Yes,Yes,No,No,No,No,No,No,No,No,Yes,No,No,Yes,Yes,No,No,No,No,No,No,No,No,No,No,No,No,No,No,No,No,Yes
Sion,No,Yes,No,No,Yes,Yes,No,No,No,No,No,No,Yes,No,No,No,Yes,Yes,No,No,No,No,No,No,No,No,No,No,Yes,No,No,No,No,No,No
Sivir,No,No,Yes,No,No,No,No,No,No,No,No,No,No,No,Yes,No,No,No,No,No,Yes,No,No,No,No,No,No,No,No,No,No,Yes,No,No,No
Skarner,Yes,No,No,Yes,Yes,No,No,Yes,No,No,No,No,Yes,No,No,No,Yes,No,Yes,No,No,No,No,No,No,No,No,Yes,No,No,No,No,No,No,No
Smolder,Yes,No,Yes,No,No,Yes,No,No,No,No,No,No,No,Yes,Yes,No,No,No,No,No,Yes,No,No,No,No,No,No,No,No,No,No,No,No,No,No
Sona,Yes,No,No,No,No,No,No,Yes,No,No,No,No,No,Yes,No,Yes,No,No,No,No,No,Yes,No,No,Yes,No,No,No,No,No,No,No,No,No,No
Soraka,No,No,No,No,No,Yes,No,Yes,No,No,No,No,No,Yes,No,Yes,No,No,No,No,No,Yes,No,No,No,No,No,No,No,No,No,No,Yes,No,No
Swain,Yes,No,No,Yes,No,Yes,No,No,No,No,No,No,No,Yes,No,Yes,No,No,No,Yes,Yes,Yes,No,No,No,No,No,No,Yes,No,No,No,No,No,No
Sylas,No,No,No,No,No,No,No,No,No,No,No,Yes,No,Yes,No,No,No,No,Yes,Yes,No,No,No,No,Yes,No,No,No,No,No,No,No,No,No,No
Syndra,No,No,No,No,No,No,No,No,No,No,No,No,No,Yes,No,No,No,No,No,Yes,No,No,No,No,No,No,Yes,No,No,No,No,No,No,No,No
Tahm Kench,No,Yes,No,Yes,Yes,No,No,Yes,No,No,No,No,No,No,No,Yes,Yes,Yes,No,No,No,Yes,No,Yes,No,No,No,No,No,No,No,No,No,No,No
Taliyah,No,No,Yes,Yes,No,Yes,No,No,No,No,Yes,No,No,Yes,No,Yes,No,No,Yes,Yes,No,No,No,No,No,No,No,No,No,No,No,Yes,No,No,No
Talon,Yes,No,No,No,No,No,No,No,Yes,No,No,Yes,No,No,No,No,No,No,Yes,Yes,No,No,No,No,No,No,No,No,Yes,No,No,No,No,No,No
Taric,No,Yes,No,No,No,No,No,Yes,No,No,No,No,No,No,No,Yes,Yes,No,No,No,No,Yes,No,No,No,No,No,No,No,No,No,No,Yes,No,No
Teemo,No,No,No,No,No,No,No,No,Yes,No,No,No,No,Yes,Yes,No,No,Yes,Yes,No,No,Yes,Yes,No,No,No,No,No,No,No,No,No,No,No,No
Thresh,No,No,No,Yes,Yes,No,No,Yes,No,No,No,No,No,No,No,Yes,Yes,No,No,No,No,Yes,No,No,No,No,No,No,No,No,Yes,No,No,No,No
Tristana,No,No,No,Yes,No,No,No,No,No,No,No,Yes,No,No,Yes,No,No,No,No,No,Yes,No,Yes,No,No,No,No,No,No,No,No,No,No,No,No
Trundle,No,No,No,No,No,No,No,No,No,No,Yes,No,Yes,No,No,No,Yes,Yes,Yes,No,No,No,No,No,No,Yes,No,No,No,No,No,No,No,No,No
Tryndamere,No,Yes,No,No,No,No,No,No,No,No,No,Yes,Yes,No,No,No,No,Yes,No,No,No,No,No,No,No,Yes,No,No,No,No,No,No,No,No,No
Twisted Fate,No,No,Yes,No,No,Yes,No,No,No,No,No,No,No,Yes,Yes,No,No,No,No,Yes,Yes,No,No,Yes,No,No,No,No,No,No,No,No,No,No,No
Twitch,Yes,No,No,No,No,No,No,No,Yes,No,No,Yes,No,No,Yes,No,No,No,No,No,Yes,Yes,No,No,No,No,No,No,No,No,No,No,No,No,Yes
Udyr,No,No,No,No,No,No,No,No,No,No,No,No,Yes,No,No,No,Yes,No,Yes,No,No,No,No,No,No,Yes,No,No,No,No,No,No,No,No,No
Urgot,No,No,No,Yes,Yes,No,No,No,No,No,No,No,Yes,No,No,No,Yes,Yes,No,No,No,No,No,No,No,No,No,No,No,No,No,No,No,No,Yes
Varus,No,No,Yes,No,No,No,No,No,No,No,No,No,No,Yes,Yes,No,No,Yes,No,No,Yes,No,No,No,No,No,Yes,No,No,No,No,No,No,No,No
Vayne,No,No,No,Yes,No,No,No,No,Yes,No,No,Yes,No,No,Yes,No,No,Yes,No,No,Yes,No,No,No,Yes,No,No,No,No,No,No,No,No,No,No
Veigar,No,No,No,No,No,No,No,No,No,No,Yes,No,No,Yes,No,No,No,No,No,Yes,Yes,Yes,Yes,No,No,No,No,No,No,No,No,No,No,No,No
Vel'Koz,Yes,No,Yes,No,No,No,No,No,No,No,No,No,No,Yes,No,Yes,No,No,No,Yes,No,Yes,No,No,No,No,No,No,No,No,No,No,No,Yes,No
Vex,No,No,Yes,No,No,Yes,No,No,No,No,No,No,No,Yes,No,No,No,No,No,Yes,No,No,Yes,No,No,No,No,No,No,No,Yes,No,No,No,No
Vi,No,No,No,No,Yes,No,No,No,No,No,No,Yes,Yes,No,No,No,No,No,Yes,No,No,No,No,No,No,No,No,No,No,Yes,No,No,No,No,No
Viego,No,No,No,No,No,No,No,No,Yes,No,No,Yes,Yes,No,No,No,No,No,Yes,No,No,No,No,No,No,No,No,No,No,No,Yes,No,No,No,No
Viktor,Yes,No,Yes,No,No,No,No,No,No,No,No,No,No,Yes,No,No,No,No,No,Yes,No,No,No,No,No,No,No,No,No,No,No,No,No,No,Yes
Vladimir,Yes,Yes,No,No,No,No,No,No,No,No,No,No,Yes,Yes,No,No,No,Yes,No,Yes,No,No,No,No,No,No,No,No,Yes,No,No,No,No,No,No
Volibear,Yes,No,No,No,No,No,No,No,No,No,No,No,Yes,No,No,No,Yes,Yes,Yes,No,No,No,No,No,No,Yes,No,No,No,No,No,No,No,No,No
Warwick,No,No,No,No,Yes,No,No,No,No,No,No,No,Yes,No,No,No,Yes,Yes,Yes,No,No,No,No,No,No,No,No,No,No,No,No,No,No,No,Yes
Wukong,No,No,No,No,No,No,No,No,Yes,No,No,No,Yes,No,No,No,Yes,Yes,Yes,No,No,No,No,No,No,No,Yes,No,No,No,No,No,No,No,No
Xayah,Yes,No,Yes,No,No,No,No,No,No,No,No,No,No,No,Yes,No,No,No,No,No,Yes,No,No,No,No,No,Yes,No,No,No,No,No,No,No,No
Xerath,No,No,Yes,No,No,Yes,No,No,No,No,No,No,No,Yes,No,Yes,No,No,No,Yes,No,Yes,No,No,No,No,No,No,No,No,No,Yes,No,No,No
Xin Zhao,Yes,Yes,No,Yes,Yes,No,No,No,No,No,No,No,Yes,No,No,No,Yes,No,Yes,No,No,No,No,No,Yes,No,No,No,No,No,No,No,No,No,No
Yasuo,No,No,No,No,Yes,No,No,No,No,No,No,Yes,Yes,No,No,No,No,Yes,No,Yes,Yes,No,No,No,No,No,Yes,No,No,No,No,No,No,No,No
Yone,Yes,No,No,Yes,Yes,No,No,No,No,No,No,Yes,Yes,No,No,No,No,Yes,No,Yes,No,No,No,No,No,No,Yes,No,No,No,No,No,No,No,No
Yorick,No,No,No,No,No,No,No,No,No,Yes,Yes,No,Yes,No,No,No,Yes,Yes,No,No,No,No,No,No,No,No,No,No,No,No,Yes,No,No,No,No
Yunara,No,No,No,No,No,Yes,No,No,No,Yes,No,No,No,No,Yes,No,No,No,No,No,Yes,No,No,No,No,No,Yes,No,No,No,No,No,No,No,No
Yuumi,Yes,Yes,Yes,No,No,No,No,Yes,No,No,No,No,No,Yes,No,Yes,No,No,No,No,No,Yes,Yes,No,No,No,No,No,No,No,No,No,No,No,No
Zaahen,No,No,No,No,No,No,No,No,No,No,No,Yes,Yes,No,No,No,No,Yes,Yes,No,No,No,No,No,No,No,No,No,No,No,No,No,No,No,No
Zac,Yes,Yes,No,Yes,Yes,No,No,No,No,No,No,No,Yes,No,No,No,Yes,No,Yes,No,No,No,No,No,No,No,No,No,No,No,No,No,No,No,Yes
Zed,No,Yes,No,No,No,No,No,No,No,Yes,No,Yes,No,No,No,No,No,No,Yes,Yes,No,No,No,No,No,No,Yes,No,No,No,No,No,No,No,No
Zeri,Yes,No,Yes,No,No,No,No,No,No,No,No,No,No,No,Yes,No,No,No,No,No,Yes,No,No,No,No,No,No,No,No,No,No,No,No,No,Yes
Ziggs,Yes,No,Yes,Yes,No,Yes,Yes,No,No,No,No,No,No,Yes,No,No,No,No,No,Yes,Yes,No,Yes,No,No,No,No,No,No,No,No,No,No,No,Yes
Zilean,No,Yes,No,No,No,No,No,Yes,No,No,No,No,No,Yes,No,Yes,No,No,No,Yes,No,Yes,No,No,No,No,No,No,No,No,No,No,No,No,No
Zoe,No,No,Yes,No,No,No,No,No,No,No,No,No,No,Yes,No,No,No,No,No,Yes,No,No,No,No,No,No,No,No,No,No,No,No,Yes,No,No
Zyra,Yes,No,No,No,Yes,No,Yes,No,No,Yes,No,No,No,Yes,No,Yes,No,No,No,No,No,Yes,No,No,No,No,No,Yes,No,No,No,No,No,No,No